code,name
00-8348985,"Mitchell, Willms and Langosh"
01-3915961,"Rau, Strosin and Prosacco"
04-6548048,Keebler Group
09-4595813,Macejkovic Group
10-3611942,Kautzer-Greenfelder
11-3246709,Lueilwitz-Kemmer
11-3492036,Prohaska Inc
11-4453651,Kunze Group
12-7742161,Trantow-Ernser
15-1019132,Nienow and Sons
15-5105297,"D'Amore, Mraz and Bernhard"
16-0229337,Bruen LLC
16-2152044,Johnson Group
16-3662529,Harber-Jones
16-7875384,"King, Maggio and Waelchi"
17-7438780,Grady-Berge
22-9806329,Bode LLC
23-6133055,Keeling LLC
25-3413976,Frami-Davis
26-0087539,Wolff-Bailey
27-8263682,Fisher Group
28-6214076,Weimann LLC
29-9200477,Lockman Group
30-0056285,"Farrell, Ondricka and Quigley"
32-1723550,Adams-Paucek
33-4958828,"Grimes, Osinski and Schmeler"
33-5792607,Parisian and Sons
34-4260247,Macejkovic LLC
35-7899633,"Terry, Quitzon and Heathcote"
37-2421122,Torp-Vandervort
37-9725718,Jast Inc
41-7239617,Grimes Group
41-8095355,"Homenick, Greenholt and Lockman"
41-8602659,Pacocha-Heller
42-9416123,"Halvorson, Rowe and Huel"
44-0826957,Ziemann-Hahn
44-3387143,Flatley Inc
44-6155344,Bernhard and Sons
45-4868966,Wuckert-Bayer
46-6136007,Lesch-Breitenberg
47-0770742,Bartoletti and Sons
47-6483141,Schamberger Group
50-0741111,"Feil, Leannon and Lesch"
52-2232012,Ortiz Inc
54-9747887,"Becker, Runolfsson and Dicki"
56-3999391,"Runte, Bradtke and Pouros"
57-6774544,"Olson, Corwin and Emard"
58-6991707,"Auer, Bechtelar and Deckow"
59-5842640,"Raynor, Swift and Legros"
60-6516449,Wehner and Sons
60-7317655,"Williamson, Ferry and Cartwright"
61-4614952,"Medhurst, Rowe and Farrell"
61-9070478,Mante and Sons
62-1713822,Towne Group
62-6641061,"Renner, Brekke and Breitenberg"
63-7845438,"Heidenreich, McCullough and Goldner"
64-1189878,Schmitt LLC
65-2680894,Jacobs Inc
68-2302377,Bergstrom Group
69-5903465,Kessler-Bernhard
69-6023872,"Zboncak, Gulgowski and Stracke"
71-2629649,"Wisozk, Tillman and Watsica"
73-1986168,Bayer Group
73-8701129,Hayes Group
74-0549059,Swift-Spencer
74-3189383,"Lemke, Pfeffer and Botsford"
74-3500208,"McLaughlin, Hessel and Kuhn"
75-6812313,McDermott Inc
75-9291957,"Kozey, Wolf and Harris"
77-0467708,Mosciski Inc
77-4954215,Metz-Kling
79-3680420,"Howell, Rau and Emmerich"
80-6263963,"Ryan, Dicki and Runte"
82-3230881,Moen and Sons
82-7538516,Bailey LLC
84-6185276,"Crona, Deckow and Dickens"
85-6789083,"Leffler, Carroll and Gerlach"
86-7940513,Lind-Baumbach
87-3997294,"Oberbrunner, Koss and Batz"
88-1367074,"Thiel, Bode and Keebler"
88-1771553,Funk-Herzog
89-4898659,Goodwin and Sons
89-5966991,Frami Group
89-8139335,Emard-Murazik
91-3946329,"Feeney, Jacobs and Kling"
93-3283555,Runte LLC
93-4908000,Breitenberg-Johnson
95-8093415,Gislason-MacGyver
95-9681180,Mraz-Kulas
96-2020132,Braun Inc
96-2661341,Bogan-Lang
97-5778943,Huels-D'Amore
98-7699081,Dach-Blanda
