first_name,last_name
Aleda,Caldecutt
Archer,Bidder
Arlinda,Dyshart
Armando,Stovell
Aubine,McDougal
Audre,Josselsohn
Augustus,Andino
Barbra,Wheble
Barby,Meads
Bartholomeus,Burtwistle
Bette,Forde
Beverlee,Preece
Buck,Frentz
Caitrin,Gallon
Candie,Bellwood
Cara,Fourmy
Carlee,Golson
Carson,Bramsom
Cart,Scarlet
Caty,Wittey
Chandra,Biaggetti
Chiquita,Jahnke
Christian,Palombi
Colby,Vere
Colin,Loudwell
Collette,Havard
Collie,Reddington
Conni,Duckerin
Coral,Purser
Cornela,Jedrasik
Corrie,Twatt
Damian,Chazelle
Derek,Allnutt
Dinah,Dassindale
Doe,Fenech
Dylan,Moakler
Elene,MacGuiness
Emelen,Bracknall
Emilie,Cosham
Emmaline,Biner
Estelle,Semrad
Ethelbert,Lorenzetto
Felic,Baumert
Findlay,Southam
Francine,Bonney
Galina,Rackham
Glynnis,MacCallion
Gordie,Ricardon
Hanna,Merington
Hedy,Janicijevic
Helli,McParlin
Henrieta,Behrend
Jacky,de Amaya
Jacky,Grimsley
Jeff,Goodhand
Joelle,McGairl
John,Briand
Josephina,Filippone
Kamillah,Belin
Kassi,Fansy
Kat,Cosin
Kennett,Thome
Kessiah,Carlsen
Kyrstin,Hayer
Larry,Pyett
Leone,Deackes
Lindi,Sloat
Margret,Speir
Melisse,Blasik
Mellie,Brownlie
Mitchell,Lotherington
Rachele,Grabert
Radcliffe,Laird
Raphael,Kinker
Rickard,Lawrie
Rolph,Kellaway
Ryan,Gipson
Sabra,Branchflower
Saleem,Batstone
Samantha,Frayling
Seth,Broune
Sheila-kathryn,Hemerijk
Sherill,Friatt
Shirley,Reeks
Tallie,Cullity
Tani,Avramow
Thedric,Brandacci
Tyrus,Lindsay
Wayland,Kundert
Wini,Pendall
